"Year","Country","ISO2","ISO3","ODB.2013.C.INIT","ODB.2013.C.RTI","ODB.2013.C.DPL","ODB.2013.C.CSOC","ODB.2013.C.CITY","ODB.2013.C.SUPIN","ODB.2013.C.TRAIN","ODB.2013.I.GOV","ODB.2013.I.ACCOUNT","ODB.2013.I.ENV","ODB.2013.I.INC","ODB-Rank","ODB-Scaled","Readiness-Scaled","Implementation-Scaled","Impact-Scaled"
2013,"UAE","AE","ARE",6,0,7,2,1,2,4,0,5,0,0,44,24.59,54,22,12
2013,"Argentina","AR","ARG",6,3,9,4,4,4,4,0,2,1,2,31,35,46,36,17
2013,"Australia","AU","AUS",8,7,8,8,8,4,7,4,4,2,2,7,67.68,88,65,51
2013,"Austria","AT","AUT",5,2,8,8,8,3,4,4,2,2,1,18,46.03,69,39,49
2013,"Belgium","BE","BEL",4,6,9,8,7,2,6,1,6,1,0,31,34.8,72,29,26
2013,"Benin","BJ","BEN",0,3,5,0,0,0,1,0,0,0,0,67,7.28,12,9,0
2013,"Burkina Faso","BF","BFA",4,3,7,0,0,0,2,0,0,0,0,67,7.35,18,8,0
2013,"Bangladesh","BD","BGD",2,8,0,0,0,0,4,0,0,0,0,63,9.56,23,10,0
2013,"Bahrain","BH","BHR",5,1,3,2,0,2,2,0,0,0,0,54,18.18,43,18,0
2013,"Brazil","BR","BRA",7,8,5,6,5,4,7,0,4,3,2,28,36.83,66,32,28
2013,"Botswana","BW","BWA",0,1,0,0,0,1,1,0,0,0,0,55,16.08,12,22,0
2013,"Canada","CA","CAN",7,7,7,8,9,3,4,4,4,3,0,8,65.87,79,64,52
2013,"Switzerland","CH","CHE",4,7,8,6,2,1,4,1,2,2,0,22,43.24,65,42,27
2013,"Chile","CL","CHL",8,8,6,4,1,4,5,1,3,0,0,25,40.11,66,39,18
2013,"China","CN","CHN",2,5,6,3,5,1,5,0,0,0,0,61,11.82,42,9,0
2013,"Cameroon","CM","CMR",2,1,3,0,0,0,0,1,0,0,0,71,5.65,7,7,6
2013,"Colombia","CO","COL",7,7,6,1,1,0,3,0,0,0,0,40,26.71,44,29,2
2013,"Costa Rica","CR","CRI",7,3,8,1,4,1,3,0,0,0,0,36,31.21,47,35,0
2013,"Czech Republic","CZ","CZE",5,7,7,8,2,5,5,0,5,0,2,22,43.18,62,40,35
2013,"Germany","DE","DEU",5,7,9,7,5,3,5,3,5,4,0,9,65.01,75,63,54
2013,"Denmark","DK","DNK",8,8,9,6,4,4,7,5,4,0,2,5,71.78,84,70,56
2013,"Ecuador","EC","ECU",2,6,7,5,0,3,3,0,0,1,0,50,21.12,39,22,3
2013,"Spain","ES","ESP",7,1,9,6,6,4,7,1,2,1,0,17,48.19,67,49,21
2013,"Estonia","EE","EST",5,7,8,6,1,5,6,2,2,1,1,14,49.45,72,49,24
2013,"Ethiopia","ET","ETH",1,5,1,0,0,1,4,0,0,0,0,66,8.7,15,11,0
2013,"Finland","FI","FIN",5,9,10,8,4,6,8,2,2,4,0,14,49.44,91,41,41
2013,"France","FR","FRA",9,7,10,7,5,3,5,0,5,0,3,10,63.92,79,64,39
2013,"UK","GB","GBR",10,8,8,9,7,9,8,4,6,4,2,1,100,100,100,80
2013,"Ghana","GH","GHA",6,5,7,6,0,1,3,0,0,0,0,47,21.6,40,24,0
2013,"Greece","GR","GRC",3,6,9,5,1,2,4,0,5,0,0,37,27.59,44,28,12
2013,"Hungary","HU","HUN",2,2,2,2,1,0,3,1,1,0,0,42,26.09,32,29,11
2013,"Indonesia","ID","IDN",5,6,5,3,1,1,0,0,0,0,0,52,18.66,35,20,0
2013,"India","IN","IND",7,10,5,6,0,6,4,0,3,0,0,34,33.38,57,34,10
2013,"Ireland","IE","IRL",3,7,7,6,4,2,4,3,1,0,1,29,35.76,62,33,24
2013,"Iceland","IS","ISL",3,9,9,2,4,1,3,1,3,0,0,13,51.01,63,53,26
2013,"Israel","IL","ISR",4,6,8,6,2,0,4,1,4,0,0,18,45.58,62,46,25
2013,"Italy","IT","ITA",6,5,9,6,5,2,2,3,4,2,0,20,45.3,50,43,46
2013,"Jamaica","JM","JAM",2,6,1,5,0,0,4,0,0,0,0,46,22.69,33,26,2
2013,"Jordan","JO","JOR",5,2,0,4,0,0,4,0,0,0,0,63,9.63,31,9,0
2013,"Japan","JP","JPN",7,7,7,8,4,4,5,0,0,9,0,14,49.17,77,47,28
2013,"Kazakhstan","KZ","KAZ",5,0,4,2,0,0,6,0,0,0,0,37,27.61,35,32,3
2013,"Kenya","KE","KEN",7,4,3,7,0,7,4,2,1,0,1,22,43.06,50,46,22
2013,"Korea","KR","KOR",6,6,7,4,4,4,7,2,2,1,0,12,54.21,77,55,25
2013,"Morocco","MA","MAR",6,3,6,6,0,2,2,3,3,0,0,40,27.24,36,28,17
2013,"Mexico","MX","MEX",4,6,6,4,3,3,4,1,1,0,0,25,40.3,49,45,8
2013,"Mali","ML","MLI",0,1,0,1,0,0,1,0,0,0,0,77,0,6,0,0
2013,"Mauritius","MU","MUS",3,2,8,0,0,0,4,0,0,0,0,42,26.08,36,31,0
2013,"Malawi","MW","MWI",5,3,4,5,0,4,4,1,2,0,0,59,14.47,28,12,17
2013,"Namibia",NA,"NAM",3,0,0,0,0,0,0,0,0,0,0,67,7,12,9,0
2013,"Nigeria","NG","NGA",5,6,4,6,2,0,4,0,0,0,0,75,4.35,37,0,0
2013,"Netherlands","NL","NLD",7,5,7,10,7,7,5,2,0,1,0,10,63.66,86,67,21
2013,"Norway","NO","NOR",8,8,9,5,4,7,9,2,4,3,0,5,71.86,92,71,46
2013,"Nepal","NP","NPL",2,7,3,5,1,0,2,0,0,0,0,55,15.7,21,18,3
2013,"New Zealand","NZ","NZL",9,9,9,7,0,4,6,7,5,7,2,4,74.34,82,65,90
2013,"Pakistan","PK","PAK",0,3,0,3,0,0,4,0,0,0,0,63,9.7,15,12,0
2013,"Peru","PE","PER",1,7,9,2,1,2,2,0,1,0,0,47,21.74,36,23,5
2013,"Philippines","PH","PHL",5,1,5,2,5,1,5,1,1,0,1,47,21.91,40,21,10
2013,"Portugal","PT","PRT",5,6,9,5,3,0,3,2,1,1,0,27,38.63,60,38,19
2013,"Qatar","QA","QAT",3,1,3,0,0,0,2,0,0,0,0,60,13.09,39,12,0
2013,"Russia","RU","RUS",7,5,7,7,6,4,7,3,5,2,0,20,44.79,54,40,49
2013,"Rwanda","RW","RWA",6,6,2,3,0,5,2,0,0,0,0,45,24.27,37,28,0
2013,"Saudi Arabia","SA","SAU",3,3,2,0,3,2,3,0,0,0,0,67,7.09,41,2,6
2013,"Senegal","SN","SEN",0,2,7,5,0,0,2,0,0,0,0,71,6.46,29,5,0
2013,"Singapore","SG","SGP",7,0,8,6,0,6,6,2,0,1,0,29,36.29,70,35,9
2013,"Sweden","SE","SWE",7,7,10,6,8,7,7,4,3,5,3,3,85.75,95,83,72
2013,"Thailand","TH","THA",5,5,3,5,0,3,4,0,2,0,0,31,35.33,38,39,15
2013,"Tunisia","TN","TUN",6,7,9,8,6,3,6,3,6,0,0,50,21.02,64,11,26
2013,"Turkey","TR","TUR",4,6,5,3,0,0,5,0,0,0,0,37,27.58,42,31,0
2013,"Tanzania","TZ","TZA",3,4,3,4,0,1,0,0,0,0,0,58,14.51,20,18,0
2013,"Uganda","UG","UGA",2,6,1,5,1,1,2,2,3,0,2,55,16.15,24,13,23
2013,"Uruguay","UY","URY",6,8,9,5,3,2,2,1,2,1,0,34,33.04,55,33,13
2013,"US","US","USA",9,7,5,10,9,8,7,5,4,4,6,2,93.38,95,87,100
2013,"Venezuela","VE","VEN",0,3,2,0,0,0,1,0,0,0,0,62,10.91,10,15,0
2013,"Yemen","YE","YEM",0,5,0,1,0,0,0,0,0,0,0,73,4.69,0,8,0
2013,"South Africa","ZA","ZAF",1,6,2,3,1,2,3,1,1,0,1,52,19.2,35,18,10
2013,"Zambia","ZM","ZMB",0,3,0,0,0,0,0,0,0,0,0,75,4.23,12,5,0
2013,"Zimbabwe","ZW","ZWE",0,4,8,0,0,0,2,0,0,0,0,73,5.3,15,6,0
2014,"Argentina","AR","ARG",5,3,8,4,4,3,3,0,3,2,0,36,36,48,37,23
2014,"Australia","AU","AUS",8,7,7,8,8,6,6,1,2,2,2,10,68,92,69,43
2014,"Austria","AT","AUT",6,5,8,8,9,6,5,3,4,5,4,15,59,83,42,84
2014,"Bahrain","BH","BHR",4,0,3,0,0,0,2,0,0,0,0,61,15,43,13,0
2014,"Bangladesh","BD","BGD",0,8,0,0,0,0,2,0,0,0,0,68,12,24,12,3
2014,"Belgium","BE","BEL",8,8,9,8,8,4,6,2,4,0,3,27,47,86,30,60
2014,"Benin","BJ","BEN",0,2,5,0,0,0,0,0,0,0,0,69,12,15,16,0
2014,"Botswana","BW","BWA",2,1,1,2,0,3,0,0,0,0,0,78,8,26,7,0
2014,"Brazil","BR","BRA",6,8,4,5,6,4,6,1,1,0,0,21,52,66,63,9
2014,"Burkina Faso","BF","BFA",5,3,4,5,0,1,2,0,0,0,0,74,11,31,10,0
2014,"Cameroon","CM","CMR",0,0,1,2,0,0,0,0,1,0,0,83,4,11,3,3
2014,"Canada","CA","CAN",7,7,7,8,8,7,7,3,3,2,3,7,75,90,75,58
2014,"Chile","CL","CHL",7,8,7,4,1,3,5,0,1,0,0,16,59,69,73,8
2014,"China","CN","CHN",3,4,2,6,5,2,7,2,1,1,0,46,28,52,24,19
2014,"Colombia","CO","COL",6,7,7,2,2,1,4,1,2,1,0,40,32,54,30,21
2014,"Costa Rica","CR","CRI",6,4,6,4,3,1,4,0,0,0,0,41,31,56,33,6
2014,"Czech Republic","CZ","CZE",5,7,7,8,4,3,5,4,2,3,0,17,58,64,61,46
2014,"Denmark","DK","DNK",8,7,8,8,7,8,9,6,4,3,3,9,69,94,53,95
2014,"Ecuador","EC","ECU",2,6,6,3,2,1,2,0,1,1,0,38,35,42,43,6
2014,"Egypt","EG","EGY",3,2,2,4,0,0,3,0,0,0,0,64,14,27,16,0
2014,"Estonia","EE","EST",6,8,8,7,4,5,7,3,4,2,2,13,60,84,51,64
2014,"Ethiopia","ET","ETH",0,4,1,1,0,0,1,0,0,0,0,79,8,16,9,0
2014,"Finland","FI","FIN",7,9,9,7,5,5,8,1,5,3,3,12,66,93,54,78
2014,"France","FR","FRA",9,7,8,8,7,6,7,4,5,2,3,4,80,91,75,84
2014,"Germany","DE","DEU",6,7,10,8,8,3,6,3,5,3,0,11,68,85,67,53
2014,"Ghana","GH","GHA",3,2,6,3,0,0,3,0,0,0,0,47,28,35,36,0
2014,"Greece","GR","GRC",5,5,8,5,5,4,6,0,5,0,0,31,41,60,43,16
2014,"Haiti","HT","HTI",0,1,0,0,0,0,0,0,0,0,0,85,1,5,2,0
2014,"Hungary","HU","HUN",3,6,6,3,1,0,4,2,4,1,0,33,38,48,38,33
2014,"Iceland","IS","ISL",5,9,9,4,4,1,4,1,4,0,1,28,47,73,37,49
2014,"India","IN","IND",5,8,5,5,3,2,4,0,1,0,0,39,33,56,37,3
2014,"Indonesia","ID","IDN",5,6,4,4,2,2,2,1,1,0,2,37,36,46,41,17
2014,"Ireland","IE","IRL",4,7,8,6,4,3,6,1,1,0,0,32,41,74,39,14
2014,"Israel","IL","ISR",5,5,7,5,5,2,4,3,5,0,1,19,53,70,51,43
2014,"Italy","IT","ITA",6,4,8,6,5,1,3,3,2,1,0,22,51,55,54,36
2014,"Jamaica","JM","JAM",3,6,2,5,0,3,3,0,0,0,1,49,26,42,27,11
2014,"Japan","JP","JPN",7,7,7,8,3,3,5,1,1,5,0,18,54,81,53,30
2014,"Jordan","JO","JOR",4,2,1,3,1,0,4,0,0,0,0,62,15,40,14,0
2014,"Kazakhstan","KZ","KAZ",3,1,6,2,0,2,2,0,1,0,0,50,26,40,30,3
2014,"Kenya","KE","KEN",2,4,4,5,1,0,4,1,2,0,1,51,26,42,23,20
2014,"Korea","KR","KOR",8,8,8,6,6,5,7,4,3,2,0,20,53,79,46,48
2014,"Malawi","MW","MWI",5,3,5,1,0,0,3,0,0,0,0,70,12,26,13,0
2014,"Malaysia","MY","MYS",5,1,5,2,0,0,0,0,0,0,0,42,31,44,37,3
2014,"Mali","ML","MLI",0,1,5,1,0,0,1,0,0,0,0,84,3,19,0,3
2014,"Mauritius","MU","MUS",2,0,8,0,0,0,0,0,1,0,0,54,22,35,25,3
2014,"Mexico","MX","MEX",7,8,7,7,5,4,5,2,2,0,0,24,50,67,54,24
2014,"Morocco","MA","MAR",5,5,7,3,0,2,2,2,2,0,1,55,21,47,15,18
2014,"Mozambique","MZ","MOZ",0,5,4,1,0,0,0,0,0,0,0,59,16,21,22,0
2014,"Myanmar","MM","MMR",0,0,0,3,0,0,0,0,0,0,0,86,0,0,2,0
2014,"Namibia",NA,"NAM",3,0,3,2,0,0,0,0,0,0,0,77,9,25,9,0
2014,"Nepal","NP","NPL",3,6,3,5,0,4,2,0,0,0,0,63,15,30,16,0
2014,"Netherlands","NL","NLD",7,6,8,9,8,8,7,5,4,3,0,6,76,95,76,57
2014,"New Zealand","NZ","NZL",8,8,9,7,1,3,4,5,3,0,0,5,80,81,88,55
2014,"Nigeria","NG","NGA",3,5,3,3,1,3,3,0,0,0,0,71,12,39,6,6
2014,"Norway","NO","NOR",8,7,9,5,6,4,7,6,6,2,0,8,75,88,73,64
2014,"Pakistan","PK","PAK",0,5,4,6,0,3,3,0,0,0,0,67,13,32,11,3
2014,"Peru","PE","PER",3,7,6,3,2,1,2,0,0,0,0,34,38,44,49,0
2014,"Philippines","PH","PHL",7,3,7,6,2,5,5,0,1,0,1,53,23,58,18,8
2014,"Poland","PL","POL",1,7,6,3,1,1,5,0,1,0,0,35,37,46,46,5
2014,"Portugal","PT","PRT",6,6,8,6,2,2,6,1,3,0,0,29,46,70,50,14
2014,"Qatar","QA","QAT",4,1,4,0,0,0,2,0,0,0,0,65,14,46,9,0
2014,"Russia","RU","RUS",5,6,7,3,5,2,7,2,3,1,0,26,48,54,48,45
2014,"Rwanda","RW","RWA",2,5,3,1,0,0,3,1,0,0,0,48,28,36,35,3
2014,"Saudi Arabia","SA","SAU",2,0,2,0,1,0,3,0,0,0,0,60,16,38,15,0
2014,"Senegal","SN","SEN",0,2,6,3,0,2,2,0,0,0,0,75,11,34,8,0
2014,"Sierra Leone","SL","SLE",1,5,3,1,0,0,0,0,0,0,0,80,8,19,8,0
2014,"Singapore","SG","SGP",7,0,6,2,0,7,7,3,0,5,0,30,46,71,39,43
2014,"South Africa","ZA","ZAF",1,6,6,3,3,3,3,2,1,0,1,43,31,48,31,15
2014,"Spain","ES","ESP",6,5,9,7,7,3,7,2,2,2,0,14,60,78,60,42
2014,"Sweden","SE","SWE",8,8,9,9,8,7,7,6,4,4,4,3,84,100,76,88
2014,"Switzerland","CH","CHE",7,6,8,8,6,3,7,6,5,2,0,23,51,81,38,63
2014,"Tanzania","TZ","TZA",1,1,0,2,0,0,1,0,0,0,0,72,12,17,15,3
2014,"Thailand","TH","THA",2,4,3,1,0,0,4,0,0,0,0,57,18,33,21,0
2014,"Tunisia","TN","TUN",5,7,7,6,4,1,5,4,2,0,0,45,29,58,19,30
2014,"Turkey","TR","TUR",2,6,4,2,1,1,5,1,1,0,0,44,31,47,35,6
2014,"UAE","AE","ARE",6,0,5,0,0,1,3,0,3,0,0,52,25,53,22,8
2014,"Uganda","UG","UGA",1,4,3,5,0,0,1,0,1,0,0,66,14,24,17,3
2014,"UK","GB","GBR",10,8,6,9,6,9,8,5,7,4,3,1,100,98,100,100
2014,"Ukraine","UA","UKR",5,5,7,5,1,2,1,0,0,0,0,56,21,37,23,6
2014,"Uruguay","UY","URY",6,8,9,5,4,4,2,1,2,2,1,25,49,66,51,29
2014,"US","US","USA",9,8,5,9,8,8,7,5,7,3,2,2,93,96,88,100
2014,"Venezuela","VE","VEN",1,1,2,1,1,0,1,0,0,0,0,73,12,20,16,0
2014,"Vietnam","VN","VNM",0,0,3,0,0,0,0,0,0,0,0,58,18,16,26,3
2014,"Yemen","YE","YEM",0,4,0,1,0,0,1,0,0,0,0,82,6,12,7,3
2014,"Zambia","ZM","ZMB",0,1,4,0,0,0,0,0,0,0,0,81,8,19,8,0
2014,"Zimbabwe","ZW","ZWE",1,2,4,0,0,0,2,0,1,0,0,76,10,20,10,3
